{
  "project_info": {
    "project_number": "1085158775686",
    "firebase_url": "https://fir-crud9.firebaseio.com",
    "project_id": "fir-crud9",
    "storage_bucket": "fir-crud9.appspot.com"
  },
  "client": [
    {
      "client_info": {
        "mobilesdk_app_id": "1:1085158775686:android:cb57abaf4ab1d867",
        "android_client_info": {
          "package_name": "com.example.sam.firebasecrud9"
        }
      },
      "oauth_client": [
        {
          "client_id": "1085158775686-r4bbtsu7u7qd9ojgsj01vs3vabl86kbe.apps.googleusercontent.com",
          "client_type": 1,
          "android_info": {
            "package_name": "com.example.sam.firebasecrud9",
            "certificate_hash": "18bacf378e3cc655728eebe289d5486435f80a0f"
          }
        },
        {
          "client_id": "1085158775686-jvcvc0ao19vf99rf8n9nqq20vn0kaue7.apps.googleusercontent.com",
          "client_type": 3
        }
      ],
      "api_key": [
        {
          "current_key": "AIzaSyCLsmEW-ILRLkNilD5I6HM6SQoEWcuM7IE"
        }
      ],
      "services": {
        "analytics_service": {
          "status": 1
        },
        "appinvite_service": {
          "status": 2,
          "other_platform_oauth_client": [
            {
              "client_id": "218823702953-22j5h0rcjb8j980ovq64fgkhu25rfr2t.apps.googleusercontent.com",
              "client_type": 3
            }
          ]
        },
        "ads_service": {
          "status": 2
        }
      }
    },
    {
      "client_info": {
        "mobilesdk_app_id": "1:218823702953:android:087af93a12f8a8f9",
        "android_client_info": {
          "package_name": "com.vip.firebasecrud"
        }
      },
      "oauth_client": [
        {
          "client_id": "218823702953-0tk6ov4f63kn4nudkv2q3c53bsjq2ao4.apps.googleusercontent.com",
          "client_type": 1,
          "android_info": {
            "package_name": "com.vip.firebasecrud",
            "certificate_hash": "ed3df6f8ee15971aaa2c5d83ecd0105e445abed8"
          }
        },
        {
          "client_id": "218823702953-22j5h0rcjb8j980ovq64fgkhu25rfr2t.apps.googleusercontent.com",
          "client_type": 3
        }
      ],
      "api_key": [
        {
          "current_key": "AIzaSyD5SqTXq78Td48dCkLFBTqGILeZKh9N140"
        }
      ],
      "services": {
        "analytics_service": {
          "status": 1
        },
        "appinvite_service": {
          "status": 2,
          "other_platform_oauth_client": [
            {
              "client_id": "218823702953-22j5h0rcjb8j980ovq64fgkhu25rfr2t.apps.googleusercontent.com",
              "client_type": 3
            }
          ]
        },
        "ads_service": {
          "status": 2
        }
      }
    }
  ],
  "configuration_version": "1"
}